{"artifact":{"artifact_id":"app_shell:ems_shell:0.1.0","bindings":[{"description":"Public base URL","name":"BASE_URL","required":true,"resolution_strategy":"instance_setting","type":"url"}],"dependencies":[{"slug":"ems_device_list","type":"ui_view","version_range":"^0.1.0"}],"description":"EMS shell routes and navigation","slug":"ems_shell","title":"EMS App Shell","type":"app_shell","version":"0.1.0"},"content":{"feature_flags":["ems_hello_world"],"nav":[{"label":"Devices","path":"/ems/devices"}],"routes":[{"path":"/ems/devices","view":"ems_device_list"}]}}